company_name,sector,company_size,initial_capital,establishment_date,active,death_date
天津市南开区雄鹰散热器厂,Parts,XS(微型),8403.6,2001-09-05,True,
天津市夏威汽车配件综合加工厂,Parts,XS(微型),18679.15,1997-06-09,False,
天津市国脉工贸有限公司,Parts,XS(微型),13793.49,2001-05-29,False,
天津市散热器厂,Parts,M(中型),262086.3,1981-08-20,False,
天津友联汽车零部件有限公司,Parts,XS(微型),6207.3,2012-06-25,True,
天津市闽东汽车销售有限公司,Parts,S(小型),25707.83,2001-06-26,False,
天津市强迪汽车零部件有限公司,Parts,XS(微型),5419.26,1998-10-21,False,
天津市津府工程机械有限公司,Electronics,S(小型),80623.41,1997-05-30,True,
天津市通南五金电器制品厂,Parts,S(小型),52624.91,1993-05-29,False,
天津市京津内燃机配件厂,Parts,XS(微型),13343.57,1996-09-02,False,2002-10-30
天津市河东区中联五金工具机械厂,Parts,S(小型),20673.69,1993-11-02,False,
天津市专用电机厂,Battery/Motor,S(小型),95272.57,1981-08-24,False,
天津市华夏车辆制造有限公司,OEM,S(小型),76362.9,1996-12-09,True,
天津三峰客车配件制造厂,OEM,S(小型),28148.07,1992-12-24,False,
天津市天鹏汽车配件厂,OEM,XS(微型),6433.39,1997-12-17,False,2006-11-20
天津市华夏车辆制造有限公司第一分公司,OEM,XS(微型),6447.49,2022-07-11,False,2024-01-17
天津伊利萨尔新能源汽车有限公司,OEM,S(小型),32635.19,2014-11-26,True,
天津丽淮新能源科技有限公司,OEM,XS(微型),10349.15,2020-12-18,False,2021-10-25
天津大天电动车有限公司,OEM,XS(微型),9099.69,2002-09-23,False,2017-06-16
天津市河西区色域改装汽车制造工作室,OEM,M(中型),159793.99,2023-08-04,True,
天津客车装配厂轻型客车分厂,OEM,XS(微型),11677.29,1996-04-18,False,
天津科美轻工制品有限公司天津分公司,OEM,S(小型),25034.1,2000-06-26,False,2008-12-31
天津市车辆改装厂,OEM,XS(微型),7496.5,1981-08-05,True,
天津扫地王专用汽车有限公司,OEM,S(小型),36066.66,1993-09-09,True,
天津市河西区小童电动车维修部,Battery/Motor,XS(微型),9409.17,2015-12-07,True,
天津市奥美赛异型电驱车辆有限公司北辰分公司,Parts,S(小型),70769.23,2015-09-23,False,2019-05-05
天津市泰达电动车有限公司南开分公司,Parts,XS(微型),6594.56,2001-06-21,False,2021-12-29
天津市博瑞特电动车有限公司第一分公司,Battery/Motor,M(中型),228788.64,2009-07-20,False,2018-06-19
杭州潇兰电动车有限公司天津分公司,Parts,L(大型),753884.06,2003-11-19,False,2005-10-15
天津市美嘉观光车辆有限公司,Battery/Motor,XS(微型),5332.56,2003-07-11,True,
天津市特嘉盈工贸有限公司,Parts,XS(微型),11607.76,2002-03-05,True,
天津华狮汽车仪表有限公司,Parts,L(大型),562733.64,1995-12-19,False,2008-12-31
天津爱三汽车附件有限公司,Parts,M(中型),111037.36,1995-12-25,False,
天津新志汽车设备有限公司,Parts,M(中型),460513.67,1998-04-11,False,2006-02-14
天津市奥美赛异型电驱车辆有限公司,Parts,XS(微型),19069.46,2010-12-30,False,2023-10-23
天津汽车车轮有限公司,Parts,M(中型),367320.78,1998-10-08,False,2014-07-14
天津天宇机电有限公司,Parts,S(小型),32654.71,1997-09-05,False,2008-12-31
天津市河北汽车配件厂,Parts,XS(微型),5724.99,1981-09-14,False,2021-03-18
天津启津汽车灯具模具有限公司,Parts,M(中型),300786.51,1995-06-25,False,2008-12-31
天津市时达特汽车电器有限公司,Parts,S(小型),40614.71,2004-06-09,False,2010-12-27
天津市津北金环汽车配件厂,Parts,XS(微型),5921.67,1996-10-24,False,
天津一汽夏利汽车股份有限公司汽车制造分公司,Parts,S(小型),44375.56,1997-12-10,False,
天津远泰机电产品有限公司,Parts,S(小型),21138.13,1993-05-28,False,2008-01-15
贤东模雅机电（天津）有限公司,Electronics,S(小型),86420.68,2009-01-21,False,2011-12-07
天津市天族汽车配件有限公司,Parts,S(小型),30332.59,2017-07-19,False,2018-05-16
普刚汽车部件（天津）有限公司,Parts,S(小型),58091.58,2007-05-17,False,2010-12-27
天津津东汽车配件有限公司,Parts,M(中型),165149.28,1993-04-24,False,1995-09-02
天津梅丽达铝铸件有限公司,Parts,S(小型),46189.36,1993-10-25,False,1996-01-24
天津市顺浩工贸有限公司,Parts,XS(微型),10668.97,1999-07-19,False,2001-12-28
天津市兴盛荣业汽车零部件有限公司,Parts,XS(微型),6460.46,2009-03-04,False,
天津市天常专用汽车修配厂,Parts,XS(微型),19174.24,1992-12-03,False,
天津市跃达化油器制造有限公司,Parts,XS(微型),14643.55,1996-07-22,False,2001-12-21
天津市西青区泰发汽车装具加工厂,Parts,XS(微型),18390.97,1998-09-24,False,
天津市正虹冲压件有限公司,Parts,XS(微型),17286.61,2001-04-09,False,2002-10-09
天津市津微汽车零部件制造厂,Parts,XS(微型),11453.59,2005-04-08,False,2010-01-20
天津市中瑞标准件有限公司,Parts,XS(微型),17947.07,1995-08-28,False,2002-02-27
天津市力霸轮毂制造有限公司,Parts,XS(微型),5652.59,2002-01-17,False,2003-09-16
天津市东丽区汽车装饰配件厂,Parts,XS(微型),6560.9,1993-03-17,False,
天津市勃兴汽车配件厂,Parts,XS(微型),5323.53,2000-11-02,False,
天津市敬东工贸有限公司,Parts,XS(微型),7849.43,1999-11-29,False,2004-12-02
天津亨通汽车制冷器件有限公司,Parts,S(小型),37385.55,1992-01-06,False,1998-07-27
天津市液压机械配件厂,Parts,XS(微型),7283.47,1982-03-08,False,2010-11-09
天津明路电子有限公司,Electronics,S(小型),75908.89,1995-09-29,False,1997-12-16
鹏达盛（天津）轻工企业发展有限公司,Electronics,S(小型),35513.21,1995-12-13,False,1997-09-30
天津昌和机械设备有限公司,Parts,S(小型),31433.65,1993-11-01,False,1997-12-04
天津浩林汽车配件有限公司,Parts,S(小型),47902.51,1992-01-22,False,2018-11-07
天津莫斯科车辆零部件有限公司,Parts,S(小型),25091.8,1993-08-03,False,1997-12-04
天津现代汽配有限公司,Parts,S(小型),72734.7,1994-12-12,False,1997-12-04
天津宇轮装具有限公司,Parts,S(小型),22549.59,1993-09-04,False,2000-12-04
天津市西青区振明汽车装俱厂,Parts,XS(微型),19639.71,1994-05-23,False,
天津市红利发汽车配件厂,Parts,XS(微型),14585.04,1996-10-09,False,
天津市河西区利发汽车拉杆厂,Parts,XS(微型),6585.8,1994-08-17,False,
天津市顺屹导油器厂,Parts,XS(微型),5038.42,1996-07-01,False,
天津市北辰区华晨服装厂,Parts,XS(微型),15485.55,1994-06-21,False,
天津津英汽车配件有限公司,Parts,S(小型),62388.15,1992-09-28,False,2006-02-14
上海丰和东杰汽车装饰件有限公司天津分公司,Parts,M(中型),323261.62,2004-06-16,False,2008-12-31
天津普林斯三成机电有限公司,Parts,XS(微型),14565.35,1993-12-29,False,2001-12-28
天津市北辰区华龙汽车配件经营部,Parts,XS(微型),5540.5,1994-04-07,False,
天津维克特瑞机电有限公司,Parts,XS(微型),8218.41,1995-12-08,False,2001-12-28
中国人民解放军运输工程学院汽车配件厂,Parts,XS(微型),5871.24,1993-07-29,False,
永清永泰汽车部件有限公司天津分公司,Parts,XS(微型),16542.84,2015-02-12,False,2017-07-28
天津开发区现代汽车电器有限公司,Parts,XS(微型),11864.05,1996-09-25,False,2000-11-09
天津市利顺微型汽车配件厂,Parts,XS(微型),7910.25,1995-07-28,False,
天津客车装配厂汽车配件加工厂,Battery/Motor,XS(微型),5460.54,1981-01-05,False,
天津泉永机电有限公司,Parts,XS(微型),7694.85,1998-06-01,False,2001-12-28
天津市北辰区凯达金属制品加工厂,Parts,XS(微型),7847.84,1993-01-11,False,
天津东联丰田汽车服务有限公司分公司,Parts,XS(微型),13747.91,1999-02-11,False,2024-09-02
天津市河西区求实汽车配件厂,Parts,XS(微型),12100.9,1996-03-08,False,
天津市美程工贸有限公司,Parts,XS(微型),17105.09,1994-09-29,False,
天津市明达汽车齿轮制品有限公司,Parts,XS(微型),9622.14,1996-07-17,False,
天津市北辰津环汽车配件厂,Parts,XS(微型),5901.64,1996-09-20,False,
天津市北辰区三镜汽配加工厂,Parts,XS(微型),13439.59,1997-06-25,False,
天津市西青区明星汽车软轴厂,Parts,XS(微型),14355.17,1996-09-03,False,
天津市腾宇汽车零配件厂,Parts,XS(微型),10886.61,1994-10-14,False,
天津市永光汽车配件厂,Parts,XS(微型),14559.23,1995-11-02,False,
天津华日汽车配件有限公司,Parts,S(小型),44277.01,1992-02-29,False,1996-01-24
天津福祥汽车零部件实业有限公司,Electronics,XS(微型),10320.16,1992-10-06,False,1998-07-27
天津新泉机电有限公司,Parts,XS(微型),9044.31,1994-10-28,False,1997-12-04
天津裕通机械有限公司,Parts,XS(微型),5179.33,1994-04-09,False,1995-08-04
天津华丰汽车装饰有限公司钢板弹簧厂,Parts,XS(微型),5806.67,1996-01-06,False,2008-12-31
天津辉虎环保设备有限公司,Parts,S(小型),21037.69,2000-03-27,False,2001-12-28
江苏准提机械制造有限公司天津分公司,Parts,M(中型),278504.22,2007-11-14,False,2017-06-16
天津市河西区海河汽车配件厂,Parts,XS(微型),7730.92,1995-02-16,False,
天津市北辰区红福汽车制动器厂,Parts,S(小型),45342.52,1998-03-16,False,
天津市和平区车益友车务服务中心,Parts,XS(微型),17594.6,2017-10-10,False,2019-10-14
丰田汽车技术中心（中国）有限公司,Parts,M(中型),149364.64,1998-02-17,True,
天津亚星世纪实业股份有限公司,Parts,S(小型),38714.65,2000-01-26,True,
天津津丰汽车底盘部件有限公司,Parts,XS(微型),14251.39,1997-07-29,True,
松美可（天津）汽车配件有限公司,Parts,S(小型),28903.67,2003-04-15,True,
天津星原工业科技有限公司,Electronics,S(小型),22637.93,2014-01-21,True,
皑尔电动汽车动力总成（天津）有限公司,Battery/Motor,S(小型),31882.88,2022-02-14,True,
梦达驰汽车系统（天津）有限公司,Electronics,S(小型),25925.0,2012-08-28,True,
天津泓德汽车玻璃有限公司,Parts,L(大型),952438.37,2015-05-08,True,
天津惠德汽车进气系统股份有限公司,Parts,XS(微型),15328.76,2006-04-06,True,
富维本特勒汽车零部件（天津）有限公司,Parts,S(小型),55431.96,2018-04-26,True,
天津锐意泰克汽车电子有限公司,Electronics,XS(微型),16735.61,2009-03-16,True,
华博罗（天津）工业有限公司,Parts,S(小型),72907.58,1995-04-17,True,
天津市汽车底盘部件总厂,Parts,XS(微型),6475.84,1994-10-22,True,
天津三樱飞跃汽车部件有限公司,Parts,S(小型),84120.52,2011-08-08,True,
天津科世得润汽车部件有限公司,Parts,M(中型),238223.2,2020-04-15,True,
天津丰田汽车锻造部件有限公司,Parts,S(小型),73351.07,1997-02-27,True,
天津电装电机有限公司,Battery/Motor,L(大型),930508.54,1995-12-25,True,
利富高（天津）精密树脂制品有限公司,Parts,S(小型),33366.06,2010-01-06,True,
爱德克斯（天津）汽车零部件有限公司,Parts,M(中型),119377.64,2004-02-27,True,
天津津河电工有限公司,Parts,S(小型),28863.56,1996-03-29,True,
天津丰津汽车传动部件有限公司,Parts,M(中型),198854.55,1995-12-25,True,
天津鹤立汽车零部件有限公司,Parts,S(小型),74610.13,2012-10-12,True,
天津三五汽车部件有限公司,Parts,M(中型),399599.43,2003-04-08,True,
一汽丰田发动机（天津）有限公司,Parts,L(大型),502415.24,1996-05-16,True,
天津双协机械工业有限公司,Parts,M(中型),227508.19,2002-02-01,True,
天津丰田合成有限公司,Parts,M(中型),195775.24,1995-12-22,True,
丰田合成星光（天津）汽车部品有限公司,Parts,S(小型),28594.12,1994-01-08,True,
捷太格特汽车部件（天津）有限公司,Parts,S(小型),24255.62,2003-07-11,True,
天津环渤海汽车车身制造有限公司,Parts,S(小型),34436.01,2004-04-30,True,
天津爱帝力亚汽车部件有限公司,Parts,S(小型),91221.16,2007-11-14,True,
天津三国有限公司,Battery/Motor,S(小型),33646.44,1994-01-25,True,
天津博慧汽车部件有限公司,OEM,XS(微型),10263.92,2018-08-22,True,
天津普天单向器有限公司,Parts,S(小型),62003.92,2007-04-04,True,
申友（天津）汽车零部件有限公司,Battery/Motor,XS(微型),8277.46,2016-12-15,True,
北方新兴（天津）汽车部件有限公司,OEM,S(小型),95560.08,2013-03-14,True,
天津永焕汽车配件有限公司,Parts,S(小型),94135.14,2016-09-20,True,
天津市益中汽车安全带有限公司,Parts,XS(微型),7088.56,1981-09-01,True,
天津安骏挂车制造有限公司,Parts,S(小型),44523.76,1995-09-25,True,
天津铁鹰车辆装备有限公司,Electronics,S(小型),32458.98,2016-08-23,True,
天津大兴汽车配件有限公司,Parts,S(小型),31631.88,2005-08-25,True,
天津恒福赛汽车部件有限公司,Parts,S(小型),21223.3,2022-04-06,True,
天津杰作实业有限公司,Parts,S(小型),53345.43,2014-09-24,True,
天津远达滤清器股份有限公司,Parts,XS(微型),10037.21,2006-04-24,True,
通天汽车桥（天津）有限公司,Battery/Motor,XS(微型),5369.86,2016-06-30,True,
沃可汽车部件（天津）有限公司,Parts,S(小型),31318.11,2018-09-07,True,
鼎星汽车配件（天津）有限公司,Parts,XS(微型),17611.67,2011-01-06,True,
井上（天津）汽车部件有限公司,Electronics,S(小型),29408.75,2006-12-20,True,
天津大中汽车零部件有限公司,Parts,XS(微型),6112.31,2004-12-15,True,
天津诺威汽车电气有限公司,Electronics,XS(微型),9854.85,2004-11-23,True,
天津日拓汽车电装有限公司,Electronics,S(小型),97716.99,2005-01-06,True,
天津中发华冠机械有限公司,Parts,S(小型),29527.0,1994-09-15,True,
天津高能顺兴实业发展有限公司,Parts,S(小型),58997.36,2015-08-19,True,
北斗（天津）夹具装备有限公司,OEM,S(小型),68136.41,2002-07-25,True,
天津市先达汽车工贸公司,Parts,L(大型),589530.17,1993-04-15,True,
天津市环球汽车配件有限公司,Parts,S(小型),64570.09,1998-10-15,True,
天津大创汽车零部件有限公司,Parts,XS(微型),8325.25,2019-01-29,False,
天津海化汽车塑料制品有限公司,Electronics,S(小型),55334.09,2009-06-12,True,
天津威斯康太阳能汽车空调有限公司,Parts,XS(微型),12033.53,2012-03-23,True,
盛永机电（天津）有限公司,Parts,S(小型),47371.86,2004-06-18,True,
天津天汽模汽车部件有限公司,Parts,S(小型),23128.09,2005-03-18,True,
天津市万华车料有限公司,Parts,S(小型),76715.19,2000-03-06,True,
天津国华塑胶有限公司,Parts,S(小型),33515.5,1993-11-21,True,
天津锦城汽车电装有限公司,Electronics,S(小型),27002.31,2015-05-08,True,
天津昆文汽车电子有限公司,Electronics,S(小型),21356.53,2023-01-11,True,
天津市兴盛达液压配件有限公司,Electronics,XS(微型),11342.87,1995-01-25,True,
天津澳海汽车部品有限公司,Parts,S(小型),59515.1,2021-04-29,True,
天津新明汽车部件有限公司,Parts,S(小型),20541.13,2011-08-09,True,
天津市神驰汽车零部件有限公司,Parts,XS(微型),10169.06,2001-09-19,True,
天津广瑞达汽车电子有限公司,Electronics,S(小型),28796.77,2018-07-17,True,
天津东方金工表面涂层有限公司,Parts,XS(微型),12229.33,2007-12-26,True,
天津杰特汽车三元催化器有限公司,Parts,S(小型),26479.32,2007-08-21,True,
天津万德汽车部件有限公司,Parts,S(小型),60809.96,2016-06-24,True,
纯德（天津）汽车部品有限公司,Electronics,S(小型),37268.89,2010-02-23,True,
奥新海（天津）汽车零部件有限公司,Parts,XS(微型),18320.51,2017-09-07,True,
天津博众汽车部件有限公司,Parts,XS(微型),6050.15,2017-03-20,True,
天津富松汽车零部件有限公司,Parts,S(小型),34627.82,2003-01-27,True,
天津昊辰通达汽车检具有限公司,Electronics,S(小型),24007.37,2008-07-30,True,
天津市华迪汽车散热器有限公司,Parts,XS(微型),18017.36,2006-08-01,True,
天津市津田汽车部件有限公司,Parts,S(小型),82085.02,2003-01-20,True,
天津聚成汽车部件有限公司,Parts,S(小型),30291.69,2004-07-20,True,
天津大韩汽车配件有限公司,Parts,S(小型),57854.75,2007-03-20,True,
天津玉士汽车部件有限公司,Electronics,XS(微型),15523.4,2012-12-26,True,
天津信诺达汽车线束有限公司,Electronics,S(小型),48876.34,2018-04-04,True,
维智汽车电子（天津）有限公司,Parts,XS(微型),10419.61,2017-10-24,True,
天津华天汽车配件有限公司,Electronics,XS(微型),6991.65,2011-09-14,True,
天津市津维津城实业有限公司,Parts,S(小型),23233.04,1992-05-13,True,
天津晨嘉汽车零部件有限公司,Electronics,XS(微型),17343.94,2017-10-11,True,
天津旭景津川汽车配件有限公司,Parts,XS(微型),17421.1,2007-08-02,True,
天津敏驰汽车部品有限公司,Parts,S(小型),55405.0,2012-07-05,True,
天津福赛汽车部件有限公司,Parts,S(小型),34514.51,2018-01-15,True,
天津市协远汽车部品有限公司,Parts,S(小型),35084.64,2017-09-30,True,
天津市赛奥美德工贸有限公司,Parts,S(小型),64335.58,2005-07-15,True,
天津汽车锻造有限公司,Parts,S(小型),84738.97,1981-08-10,True,
天津电达汽车部件有限公司,Battery/Motor,S(小型),83382.86,2018-05-23,True,
天津市先众汽车零部件有限公司,Parts,S(小型),70168.08,1998-04-01,True,
晶安（天津）汽车零部件有限公司,Electronics,S(小型),56207.06,2023-07-10,True,
天津日马精密锻压有限公司,Electronics,S(小型),22900.31,2003-06-03,True,
天津市拓达车辆配件有限公司,Battery/Motor,S(小型),25942.01,2014-10-22,True,
天津鑫泓汽车零部件有限公司,Electronics,XS(微型),17376.15,2017-11-08,True,
天津小出钢管有限公司,Parts,M(中型),265384.6,2007-11-29,True,
天津众恒汽车减震器有限公司,Parts,S(小型),20298.24,2012-11-16,True,
天津爱碧克空调配件有限公司,Parts,S(小型),23548.08,2007-11-01,True,
天津市神州汽车零部件有限公司,Battery/Motor,XS(微型),12544.05,2004-01-13,True,
天津华恒汽车部件有限公司,Electronics,XS(微型),5035.21,2005-05-18,True,
天津市精华汽车零部件制造有限公司,Parts,XS(微型),6248.65,2017-09-14,True,
天津市玺格汽车零部件制造有限公司,Parts,S(小型),48370.26,2007-06-15,True,
天津先众汽车部件有限公司,Electronics,S(小型),60903.74,2019-01-28,True,
天津市宝群汽车零部件有限公司,Parts,S(小型),57112.52,2011-02-22,True,
天津市和平汽车装具厂,Parts,S(小型),28693.76,1980-03-01,True,
天津瑞格尔汽车用品有限公司,Parts,S(小型),62924.81,2006-12-07,True,
天津盛洋汽车部件厂,Parts,XS(微型),6947.17,1994-05-04,True,
天津市全兴汽车装饰工贸公司,Parts,S(小型),33765.61,1993-05-27,True,
天津市荣昌汽车灯具有限公司,Parts,S(小型),66497.47,2005-09-21,True,
天津三国牧野机械有限公司,Electronics,XS(微型),12305.18,2003-10-22,True,
天津市赛奥德汽车零部件有限公司,Parts,S(小型),78453.38,2003-09-16,True,
德曼（天津）精密零件有限公司,Parts,S(小型),57634.39,2005-03-08,True,
天津伍幸化成汽车配件有限公司,Parts,M(中型),249592.0,2008-06-19,True,
天津精丰机械有限公司,Electronics,XS(微型),5693.35,2009-04-09,True,
天津英联汽车饰件有限公司,Electronics,S(小型),36145.34,2023-03-06,True,
天津聚宸源汽车部件有限公司,Electronics,XS(微型),7221.67,2016-05-13,True,
天津隽益汽车零部件有限公司,Electronics,S(小型),29619.07,2014-01-13,True,
金达智机（天津）汽车部件有限公司,Parts,XS(微型),19265.52,2014-12-11,True,
天津燕天新源汽车配件制造有限公司,Parts,S(小型),37652.47,2018-01-23,True,
天津市津泊轴瓦有限公司,Electronics,XS(微型),17220.1,2001-08-01,True,
天津市福业金属管路制品有限公司,Parts,S(小型),55230.24,1997-09-17,True,
天津柏顺汽车零部件有限公司,Electronics,XS(微型),15048.53,2013-10-28,True,
天津谊发伟业汽车部件有限责任公司,Parts,XS(微型),10036.62,2006-12-06,True,
天津市学斌金属制品加工有限公司,Parts,XS(微型),11125.02,2010-08-30,True,
天津恒瑞通达汽车部品有限公司,Parts,S(小型),44186.04,2016-01-18,True,
紫祥（天津）汽车零部件有限公司,Electronics,XS(微型),6554.17,2022-07-07,True,
天津市巨马工贸有限公司,Parts,XS(微型),13612.24,2000-04-18,True,
天津市精志诚拉线厂,Parts,XS(微型),7379.24,2003-05-12,True,
天津市新天耐力汽车配件有限公司,Parts,XS(微型),5171.42,2011-02-18,True,
天津津福汽车塑料件有限公司,Parts,M(中型),282595.85,1993-11-21,True,
潍柴雷沃智慧农业科技股份有限公司天津分公司,Parts,XS(微型),6391.48,2011-08-23,True,
天津君展汽车厢体有限公司,Parts,XS(微型),18415.46,2012-05-14,True,
天津昌金机电设备有限公司,Parts,S(小型),92853.32,2004-01-18,True,
天津市木星滤清器有限公司,Parts,XS(微型),17773.51,2003-03-07,True,
天津市盛润达汽车配件有限公司,Parts,XS(微型),8352.72,2014-11-06,True,
天津市港田综合福利厂,Parts,XS(微型),5108.29,1990-04-02,True,
天津鑫淼盛源汽车部品有限公司,Parts,XS(微型),18108.12,2009-06-23,True,
天津市恩泰克汽车内饰有限公司,Electronics,XS(微型),9052.38,2012-02-24,True,
天津赛翔汽车装饰用品有限公司,Electronics,XS(微型),19096.52,2007-12-28,True,
天津市隆晟车厢有限公司,Parts,S(小型),94312.98,2005-09-28,True,
天津捷通汽车部件有限公司,Parts,S(小型),78932.89,2016-11-11,True,
天津日科功能材料有限公司,Parts,XS(微型),7520.49,2007-08-07,True,
天津海信智行汽车电子有限公司,Electronics,S(小型),37170.79,2023-10-31,True,
天津市华辰嘉业汽车零部件有限公司,Parts,XS(微型),16270.67,2013-10-10,True,
天津自强集团有限公司,Parts,M(中型),166540.16,1997-01-23,False,
天津华松电动汽车配件制造有限公司,Parts,XS(微型),6324.33,2012-08-30,False,2025-08-13
天津凯达汽车部品有限公司,Parts,XS(微型),10819.27,2022-07-12,True,
天津正泽汽车部件有限公司,Parts,XS(微型),18305.91,2001-11-12,True,
天津未来汽车部品有限公司,Parts,S(小型),61310.37,2006-07-20,True,
汉科（天津）汽车部品有限公司,Parts,XS(微型),11019.99,2010-04-20,True,
天津乌雅汗汽车设备制造有限公司,Parts,XS(微型),5721.05,2010-11-16,True,
天津市加多伦汽车配件有限公司,Electronics,XS(微型),11728.47,2000-05-23,True,
天津市耐恩特汽车零部件有限公司,Parts,XS(微型),19726.13,2013-11-14,True,
天津戎信汽车检具有限公司,Electronics,XS(微型),6071.68,2014-10-28,True,
天津众鑫汽车零部件有限责任公司,Parts,S(小型),46060.31,2022-03-15,True,
天津瑞海工贸有限公司,Parts,XS(微型),16873.35,2006-02-13,True,
天津市日竹压铸材料有限公司,Electronics,XS(微型),13962.31,2010-07-14,True,
天津博日新汽车零部件有限公司,Electronics,XS(微型),13140.6,2009-06-01,True,
中通达（天津）汽车零部件再制造有限公司,Battery/Motor,S(小型),61950.57,2022-02-22,True,
天津陆耐汽车零部件有限公司,Parts,XS(微型),8230.1,2021-06-01,True,
天津东方华冠汽车配件有限公司,Parts,S(小型),32080.56,2009-07-06,True,
天津市明晖汽车部件有限公司,Parts,XS(微型),15355.15,2020-03-16,True,
天津巨全汽车零部件制造有限公司,Electronics,XS(微型),15371.17,2006-07-19,True,
天津年利汽车部件有限公司,Parts,XS(微型),16634.11,2015-05-06,True,
天津市格劳瑞工贸有限责任公司,Parts,XS(微型),17733.55,1981-09-14,True,
天津铭卿汽车电子有限公司,OEM,S(小型),45545.24,2021-11-23,True,
迪安姆汽车配件（天津）有限公司,Parts,XS(微型),10021.04,2001-12-28,True,
天津市文达恒业电磁离合器制造有限公司,Parts,XS(微型),15121.39,2006-11-10,True,
天津汉德唯汽车辅助装备有限公司,Parts,XS(微型),12310.83,2008-01-08,True,
天津市梦展汽车灯有限公司,Parts,XS(微型),13231.11,2004-04-28,True,
天津市宝利群汽车零部件有限公司,Parts,XS(微型),15069.02,2006-11-10,True,
天津市林利顺工贸有限公司,Parts,S(小型),83775.5,2002-09-09,True,
天津市汽车变速箱配件厂,Parts,XS(微型),7988.47,1981-05-06,True,
天津市纵驰汽车零部件有限公司,Electronics,XS(微型),8415.76,2008-07-04,True,
天津市浩天伟业汽车制动泵有限公司,Parts,XS(微型),5695.77,2004-06-23,True,
天津煜林达汽车配件有限公司,Electronics,XS(微型),11146.26,2013-11-26,True,
天津威克特瑞汽车电器有限公司,Parts,XS(微型),5255.44,2006-04-21,True,
天津市铭杨工贸有限公司,Parts,XS(微型),9534.28,2002-12-08,True,
天津市鼎力汽车散热器有限公司,Parts,XS(微型),10609.0,2005-02-02,True,
天津新沃汽车饰件有限责任公司,Parts,XS(微型),7438.49,2025-01-24,True,
天津安美逸盛汽车检具有限公司,Parts,XS(微型),11341.93,2014-11-12,True,
天津市天油油泵油嘴制造有限公司,Parts,XS(微型),5215.94,2004-09-03,True,
恒运（天津）汽车零部件制造有限公司,Electronics,XS(微型),5265.7,2018-02-28,True,
天津市恒达泰汽车部件有限公司,Electronics,S(小型),75162.83,2021-10-26,True,
天津市东达机车车辆配件厂,Parts,XS(微型),8238.09,1990-12-18,True,
忠林金属连接器（天津）有限公司,Parts,XS(微型),5963.04,2016-11-09,True,
天津市今盛泰汽车部品有限公司,Parts,XS(微型),10313.16,2014-03-24,True,
天津市凯田轴瓦厂,Parts,XS(微型),14539.6,2000-03-10,True,
天津市鼎盛鑫达汽车配件有限公司,Parts,XS(微型),6743.84,2010-08-30,True,
天津市天创工贸有限公司,Parts,XS(微型),11857.34,2002-10-28,True,
天津市汇众汽车齿轮有限公司,Parts,XS(微型),5628.0,1993-12-16,True,
天津市兴旺飞翼腾达汽车厢体制造有限公司,Parts,S(小型),21734.72,2015-07-24,True,
天津瓦尔塔汽车配件有限公司,Electronics,XS(微型),10444.25,2017-05-22,True,
天津市德林汽车配件制造有限公司,Parts,XS(微型),10579.49,2011-08-02,True,
天津盛瑞辉汽车部件有限公司,Parts,XS(微型),12098.77,2012-07-03,True,
天津市鼎盛永强汽车配件有限公司,Parts,XS(微型),13681.09,2010-11-29,True,
天津市飞瑞达汽车零部件有限公司,Parts,S(小型),96188.1,2007-07-03,True,
天津原驰汽车部品有限公司,Parts,XS(微型),10228.54,2015-03-03,True,
天津市富士汽车零部件发展中心,Parts,XS(微型),7823.65,2000-08-09,True,
麦立兴（天津）有限责任公司,Battery/Motor,XS(微型),15056.35,2021-12-13,True,
天津旭友工贸有限公司,Parts,XS(微型),7278.25,2002-12-03,True,
天津市远瑞汽车零配件有限公司,Electronics,XS(微型),9188.76,2016-09-21,True,
天津克林凯汽车部件有限公司,Parts,XS(微型),5574.49,2004-10-28,True,
天津市华国汽车部件有限公司,Parts,XS(微型),5178.84,2004-05-16,True,
天津市天盛汽车配件有限公司,OEM,XS(微型),18990.75,2005-07-19,True,
耀重联合汽车部品（天津）有限公司,Parts,XS(微型),15932.36,2019-12-30,True,
天津市佳通滤清器有限公司,Parts,XS(微型),13121.64,2009-03-30,True,
天津市三恩微型汽车零部件有限公司,Parts,XS(微型),8814.23,2006-06-05,True,
天津市龙得机械厂,Parts,XS(微型),6357.75,2003-04-09,True,
天津瑞格明泰汽车零部件有限公司,Electronics,S(小型),25726.15,2022-01-06,True,
天津市均华汽车部件有限公司,Parts,XS(微型),7073.45,2011-12-02,True,
天津市宏翊工贸有限公司,Electronics,S(小型),48408.65,2004-08-03,True,
天津金泽汽车标准件有限公司,Parts,XS(微型),13464.79,1994-06-09,True,
天津市鸿博汽车设备有限公司,Electronics,XS(微型),12486.72,2017-04-25,True,
天津市盟毅诚机车车辆设备配件厂,Parts,XS(微型),7370.67,2001-11-23,True,
天津煜麟汽车部件有限公司,Parts,S(小型),92993.41,2022-10-21,True,
天津市瑶华产教融合研究开发院（有限合伙）,Parts,XS(微型),13906.83,2021-05-21,True,
天津市圣豪汽车用品有限公司,Parts,XS(微型),10782.62,2007-08-06,True,
天津市福岛汽车装备有限公司,Parts,S(小型),53530.89,2016-04-22,True,
天津市松源电动汽车配件有限公司,Parts,XS(微型),8945.29,2010-02-05,True,
天津华信汽车零部件有限公司,Electronics,S(小型),29797.96,2023-05-15,True,
天津市三星伟业汽车电器有限公司,Parts,XS(微型),8190.06,2007-04-19,True,
天津市津明汽车部件制造有限公司,Parts,XS(微型),14296.8,2020-11-19,True,
天津市嘉英源工贸有限公司,Parts,XS(微型),5100.77,1998-07-21,True,
天津汇众汽车零部件制造有限公司,Parts,XS(微型),5872.9,2022-12-06,True,
天津万里达汽车箱体有限公司,Parts,XS(微型),5329.25,2013-04-18,True,
天津宝捷汽车零部件有限公司,Parts,XS(微型),5290.43,2023-05-25,True,
天津市西青区永祥电泳厂,Parts,XS(微型),16368.49,1999-02-04,True,
天津市亚拓汽车部件制造有限公司,Parts,XS(微型),13262.16,2008-08-05,True,
天津市顺海工贸有限公司,Parts,S(小型),42900.59,1998-01-05,True,
天津博众汽车零部件有限公司,Parts,XS(微型),5726.27,2019-06-26,True,
天津市吉顺达汽车部件有限公司,Parts,XS(微型),9884.44,2010-08-03,True,
天津加州汽车服务有限公司,Parts,S(小型),42852.14,1993-12-03,True,
天津市天发汽车配件有限公司,Parts,XS(微型),6356.94,2004-06-22,True,
天津市泽润通汽车配件有限公司,Parts,XS(微型),9123.78,2017-11-21,True,
天津市久盛达汽车配件有限公司,Parts,XS(微型),8687.48,2006-11-10,True,
天津市科锐工贸有限公司,Electronics,XS(微型),11742.18,2003-12-09,True,
天津天惠汽车配件有限公司,Parts,XS(微型),12059.64,2014-01-02,True,
天津通鑫隆达汽车配件有限公司,Parts,XS(微型),5324.09,2021-03-02,True,
天津豪利汽车工程有限公司,Parts,S(小型),36548.79,1995-04-13,True,
天津合丰联汽车零部件有限公司,Electronics,S(小型),54763.01,2016-04-27,True,
天津市华瑞轩汽车配件有限公司,Parts,XS(微型),10043.57,2010-05-10,True,
天津普瑞驰汽车部件有限公司,Electronics,XS(微型),16391.86,2017-07-27,True,
天津捷世达汽车部件有限公司,Parts,XS(微型),12460.72,2017-03-30,True,
天津市鸿程汽车零部件有限公司,Battery/Motor,XS(微型),6267.1,2020-04-17,True,
卡车之家（天津）汽车配件有限公司,Parts,XS(微型),5513.87,2020-12-02,True,
天津聚德汽车配件有限公司,Parts,XS(微型),12182.74,2021-08-19,True,
天津市顺意成汽车零部件有限公司,Parts,XS(微型),5187.18,2016-05-03,True,
天津市路吉达汽车配件有限公司,Parts,XS(微型),11262.69,2009-04-13,True,
天津华诚汽车部件有限公司,Electronics,S(小型),90828.62,2023-11-08,True,
天津市乐为汽车零部件有限公司,Parts,XS(微型),11102.99,2012-02-17,True,
天津戴特汽车零部件制造有限公司,Parts,S(小型),37355.03,2025-06-05,True,
天津市汽车电机二厂,Battery/Motor,XS(微型),12197.42,1995-12-01,True,
天津市园梦机电厂,Parts,XS(微型),9437.69,1997-12-04,True,
天津市银光散热器厂,Parts,XS(微型),10652.81,1998-09-03,True,
天津市弘耀汽车零部件有限公司,Parts,XS(微型),18441.16,2018-10-15,True,
天津百斯特汽车配件有限公司,Parts,XS(微型),8539.39,2022-08-15,True,
天津市国安汽车配件厂,Parts,XS(微型),18952.41,1997-08-27,True,
天津世纪腾华机电科技有限公司,Electronics,XS(微型),17540.64,2000-01-12,True,
天津市民锐汽车零部件有限公司,Parts,XS(微型),6559.16,2011-02-14,True,
天津市新纪成汽车备品有限公司,Parts,XS(微型),5504.65,2008-11-04,True,
江恩（天津）汽车零部件有限公司,Parts,XS(微型),5749.69,2023-04-24,True,
天津车智连汽车电子有限公司,Electronics,XS(微型),5127.91,2023-11-27,True,
天津市津源昊天汽车部件有限公司,OEM,S(小型),23283.21,2022-11-08,True,
天津市轮帮汽车配件有限公司,Parts,XS(微型),12887.87,2019-09-16,True,
天津鑫喆汽车部件有限公司,Electronics,S(小型),22427.91,2023-04-21,True,
上海辉旭密封材料有限公司天津分公司,Parts,XS(微型),7780.59,2007-05-08,True,
天津市鸿锦汽车零部件有限公司,Parts,XS(微型),16130.05,2023-09-22,True,
天津市华锦汽车配件有限公司,Parts,XS(微型),5163.94,2022-08-10,True,
鑫田（天津）汽车部件有限公司,Parts,XS(微型),15464.25,2025-02-11,True,
天津澳达汽车零部件制造有限公司,Parts,XS(微型),7390.32,2025-05-09,True,
天津鑫津益汽车零部件有限公司,Parts,XS(微型),5889.96,2023-11-07,True,
天津市骏驰集团有限公司,Parts,M(中型),306901.05,1998-02-20,False,2006-11-19
天津华丰汽车装饰有限公司,Parts,XS(微型),11957.25,1995-09-11,False,2024-03-04
鹏驰五金制品有限公司天津分公司,Parts,XS(微型),16875.66,2005-04-20,True,
吉林万吉援环保设备有限公司天津分公司,Parts,S(小型),65286.38,2010-06-12,True,
天津市汽车车轮厂分厂,Parts,M(中型),364425.76,1988-03-14,False,2019-04-11
天津瑞博通汽车部品有限公司,Parts,M(中型),157446.75,1992-08-20,False,2018-10-29
天津清阳汽车部件有限公司东丽分公司,Parts,XS(微型),6394.39,2014-01-10,True,
天津市精华物资供销有限公司汽车消声器厂,Parts,XS(微型),14154.19,2003-04-11,True,
英莳精密部件（无锡）有限公司天津办事处,Parts,XS(微型),15301.46,2003-07-16,True,
天津宝钢钢材配送有限公司北辰分公司,Parts,S(小型),98483.48,2022-09-21,True,
黎安（天津）国际贸易有限公司市内办事处,Parts,XS(微型),8859.12,2002-11-29,True,
天津爱信汽车零部件有限公司,Parts,L(大型),647080.94,1997-07-14,False,
天津日业汽车零部件有限公司,Parts,M(中型),348890.68,2013-12-17,False,2016-05-11
天津可隆汽车配件有限公司,Parts,S(小型),34613.18,2018-01-04,False,2023-11-07
津田（天津）汽车零配件有限公司,Parts,S(小型),89454.35,2019-02-15,False,2023-03-16
天津宏友汽车配件制造有限公司,Parts,M(中型),398111.54,2018-03-30,False,2019-06-28
天津易丰易通汽车电子有限公司,Electronics,M(中型),199459.15,2008-06-27,False,2020-06-24
天津贤诚交通器材有限公司,Parts,M(中型),334839.24,1992-11-28,False,2017-06-14
天津津信汽车塑料制品有限公司,Parts,M(中型),336823.85,1993-08-27,False,2019-09-09
天津弹簧制造有限公司,Parts,S(小型),23610.79,1981-08-15,False,2021-10-25
天津市刹车管厂有限公司,Parts,XS(微型),17472.74,1981-07-27,False,2024-06-28
天津市银泰客车桥有限公司,Electronics,M(中型),225505.04,1981-08-29,False,2020-06-25
天津市汽车制动器有限公司,Parts,S(小型),75630.85,1981-08-14,False,2022-05-16
天津市活塞厂,Parts,S(小型),33476.12,1981-08-20,False,
天津市华鹏交通器材厂,Parts,XS(微型),17303.29,1994-10-22,False,
天津市腾发伟业汽车真皮座套有限公司,Parts,XS(微型),8576.16,2011-01-06,False,2025-07-09
天津纳士利汽车修理有限公司,Parts,S(小型),20351.91,1993-06-25,False,
天津市汽车变速器厂,Parts,XS(微型),17541.4,1981-10-30,False,2013-12-02
天津市汽车电机厂,Battery/Motor,S(小型),23165.23,1981-08-31,False,2005-08-22
天津市汽车配件一厂,Parts,S(小型),33436.49,1981-09-01,False,
福日德（天津）制管有限公司,Parts,M(中型),461386.43,1998-06-02,False,2010-12-27
天津市沃克斯汽车零部件有限公司,Electronics,XS(微型),18676.37,1998-04-22,False,
天津汽车暖风机有限公司,Parts,S(小型),50332.2,1981-07-28,False,2011-11-08
天津市汽车桥厂,Parts,M(中型),276461.88,1981-08-20,False,
天津市岳恒工贸有限公司,Electronics,XS(微型),9310.25,1999-08-19,False,2018-11-07
天津市河北区众城实业公司,Parts,XS(微型),7507.59,1988-02-23,False,2012-12-28
天津市方向器制造厂,Parts,XS(微型),7885.8,1983-12-23,False,2019-07-09
天津柯文汽车零部件有限公司,Parts,M(中型),295168.65,2016-10-12,False,2018-01-29
天津轻型发动机有限公司,Parts,M(中型),335650.45,1996-11-27,False,
天津艾玛特动力系统有限公司,Parts,M(中型),357511.49,2007-08-16,False,2012-12-20
天津市南开区佳成汽车配件厂,Parts,XS(微型),14940.58,1991-05-14,False,
天津晨阳交通器材有限责任公司,Electronics,S(小型),23162.23,1981-08-15,False,2022-02-16
天津新陆汽车部件有限公司,Parts,M(中型),221607.76,1996-11-27,False,
天津市东丽区星途汽车配件经营部,Parts,XS(微型),5415.32,2020-11-18,True,
天津市西青区玉环汽车底盘部件厂,Parts,XS(微型),10710.74,2012-01-04,True,
天津市津南区恒达亚迪汽车零配件经营部,Parts,S(小型),40704.89,2020-09-24,True,
天津市北辰区鑫业驰骋汽车零部件店,Parts,XS(微型),17116.74,2017-09-08,True,
天津市东丽区斐魔汽车零配件经营部,Parts,XS(微型),8132.83,2020-05-15,True,
天津市河西区利华程汽车配件经营部,Parts,XS(微型),5881.0,2020-05-15,True,
天津市东丽区涛毅汽车配件经营部,Parts,XS(微型),6096.21,2012-03-12,True,
天津市河西区卡仕达汽车电子中心,Parts,XS(微型),14369.61,2019-07-02,True,
天津市津南区恺波汽车座椅加工厂,Parts,S(小型),54093.6,2012-02-20,True,
天津市东丽区杰力特汽车配件厂,Parts,XS(微型),5752.44,2014-11-05,True,
天津市张文卿汽车配件经营部,Parts,XS(微型),5618.33,2007-09-17,True,
天津市河西区而谈汽车饰件店（个体工商户）,Parts,XS(微型),13212.82,2024-11-04,True,
天津市西青区小邵汽车电器店（个体工商户）,Battery/Motor,S(小型),22484.81,2025-02-25,True,
天津市康姆普特汽车配件厂,Parts,S(小型),75073.3,2009-01-13,True,
天津市长宏顺汽车拉线厂,Parts,XS(微型),13309.76,2002-12-04,True,
天津市东丽区固诺汽车零配件经营部,Parts,S(小型),22797.66,2023-04-11,True,
天津市西青区北斗星汽车电子中心,Electronics,XS(微型),5624.03,2018-04-12,True,
天津红桥区通盈汽车配件经营部,Parts,M(中型),489363.38,2018-10-29,True,
天津河西区王志汽车电子工作室（个体工商户）,Battery/Motor,XS(微型),8400.47,2024-12-09,True,
天津市南开区小徐汽车配件经营部,Parts,M(中型),181579.89,2019-07-01,True,
天津市东丽区宝旺汽车配件中心,Parts,M(中型),369932.53,2018-01-30,True,
天津市河西区耀发汽车电子中心,Electronics,XS(微型),18589.62,2019-07-24,True,
天津市西青区利尔汽车零配件经营部,Parts,XS(微型),19615.61,2021-02-02,True,
天津市西青区富泰汽车配件经营部,Electronics,S(小型),67238.61,2023-05-17,True,
天津市东丽区孟霖汽车零部件商行,Parts,S(小型),36645.8,2019-06-21,True,
天津市西青区小乐汽车电子经营部（个体工商户）,Battery/Motor,S(小型),22876.76,2023-10-18,True,
天津市西青区新宏峰车轮商行,Battery/Motor,XS(微型),14684.5,2020-11-20,True,
天津红桥区奕卓车品汽车饰件网店,Parts,S(小型),49128.99,2022-04-08,True,
天津市东丽区津源汽车配件商行,Parts,XS(微型),9002.79,2019-05-22,True,
天津市河西区鑫华盛汽车电器电子经营部,Electronics,S(小型),86009.12,2017-12-08,True,
天津市西青区众合汽车配件经营部,Parts,XS(微型),5833.34,2019-07-11,True,
天津市津南区孙广有汽车零配件经营部,Parts,L(大型),703501.35,2019-03-19,True,
天津市南开区金鑫龙汽车零部件再制造经营部,Parts,S(小型),20368.82,2019-03-18,True,
天津市河东区春熙汽车零部件经营部（个体工商户）,Electronics,XS(微型),9574.85,2025-03-17,True,
天津市河西区志远汽车配件商行,Parts,S(小型),21896.98,2019-03-14,True,
天津市东丽区勒宁汽车零配件经营部,Electronics,XS(微型),5895.29,2023-05-24,True,
天津市河西区天逸通汽车零部件商行（个体工商户）,Parts,XS(微型),5884.75,2024-08-26,True,
天津市北辰区辉阳水箱修理部,Battery/Motor,S(小型),56860.22,2004-06-21,True,
天津市北辰区安畅星汽车电子店,Electronics,XS(微型),14064.81,2019-06-13,True,
天津市东丽区宏伟汽车零配件经营部,Parts,XS(微型),11225.17,2021-04-07,True,
天津北辰区凯鹏汽车电子厂,Electronics,S(小型),94093.53,2022-09-01,True,
天津市河西区鑫锐汽车配件加工部,Parts,XS(微型),8407.46,2019-09-24,True,
天津市渤海内燃机厂,Parts,M(中型),158381.4,1995-11-08,False,
天津市东丽区裕东汽车零配件商行（个体工商户）,Parts,S(小型),80938.42,2025-03-20,True,
天津市北辰区信兴达汽车零配件经营部（个体工商户）,Parts,XS(微型),6816.92,2025-02-27,True,
天津西青区星深车灯经营部（个体工商户）,Electronics,S(小型),94252.67,2025-04-03,True,
天津河西区杨琼汽车配件经营部,Parts,XS(微型),5084.96,2019-07-16,True,
天津东丽区小耿汽车电子店,Parts,M(中型),476339.07,2022-04-08,True,
天津红桥区鸿升汽车部件经营部,Parts,XS(微型),5308.29,2023-02-24,True,
天津市西青区一号改装汽车制造店（个体工商户）,OEM,S(小型),83929.05,2025-03-28,True,
天津市东丽区伊恒汽车零配件经营部,Electronics,XS(微型),10391.49,2020-08-06,True,
天津市北辰区津本塾汽车零部件商行,Electronics,XS(微型),19805.89,2019-01-21,True,
天津市河东区金新鑫汽车零配件经营部,Parts,L(大型),526241.37,2022-11-15,True,
天津滨海新区小飞汽车配件店,Parts,S(小型),48770.54,2020-11-25,True,
天津市三北巨龙电子电器厂,Electronics,XS(微型),19166.74,2004-09-27,False,2021-10-15
天津汽车散热器有限公司,Parts,S(小型),46415.14,1981-08-20,False,2008-11-15
天津市西青区昆德汽车零部件商行,Electronics,XS(微型),11964.81,2020-12-17,True,
天津市吉亚冲压有限公司,Parts,M(中型),306413.2,1998-09-16,False,2004-12-08
天津汽车精密铸造有限公司,Parts,M(中型),207831.12,1996-12-03,False,
天津博达汽车部品制造有限公司,Electronics,M(中型),274564.43,2016-08-31,False,2017-10-30
天津耀华研究开发有限公司,Parts,M(中型),256105.07,2023-05-15,False,2023-12-01
天津东明汽车电器工贸有限公司,Battery/Motor,S(小型),85292.81,2002-10-17,False,2020-06-24
天津金兴埃罗西汽车内饰系统有限公司,Parts,M(中型),107588.45,2013-03-13,False,2019-11-11
天津市汽车仪表厂,Parts,M(中型),157175.5,1980-09-19,False,
天津瞰源汽车配件有限公司,Parts,M(中型),461646.04,2012-11-20,False,2014-11-10
天津信强汽车零部件有限公司,Parts,M(中型),419051.77,2018-08-02,False,2019-08-19
天津市精球汽车配件制造有限公司,Parts,M(中型),208204.64,2015-07-20,False,2021-06-29
天津魔岩技研汽车部件有限公司,Parts,M(中型),271302.68,2017-04-18,False,2021-01-07
天津市宏程汽车配件厂,Parts,S(小型),31254.4,1984-10-09,False,2019-03-20
天津益德电气有限公司,Parts,S(小型),27072.04,1992-03-16,False,2010-12-27
天津浙亚汽车底盘部件有限公司,Electronics,XS(微型),9509.21,2013-10-16,False,2022-10-12
天津市明通汽车电器厂,Parts,XS(微型),8160.36,2002-02-27,False,2006-11-20
天津商德汽车部件制造有限公司,Parts,XS(微型),11229.64,2007-03-21,False,2017-06-19
安昌（天津）冷却科技有限公司,Parts,M(中型),113327.21,2008-01-30,False,2023-02-20
天津市汽车机械配件厂,Parts,S(小型),95962.76,1981-09-01,False,
天津市京津仪表电器厂,Parts,XS(微型),19621.31,1982-10-14,False,
天津市华夏橡塑制品公司,Parts,M(中型),307605.5,1981-09-06,False,2019-10-17
天津市河东区津联高压软管总成厂,Parts,XS(微型),10513.13,1990-12-26,False,
天津市达标汽车配件厂,Electronics,XS(微型),7679.35,1982-07-29,False,
天津市三星汽车电器公司,Parts,M(中型),370525.68,1993-12-27,False,2001-12-26
天津市柏依工贸公司,Parts,XS(微型),12918.71,1988-11-16,False,
天津市天内汽车配件厂,Parts,XS(微型),6264.34,1996-03-06,False,2006-11-10
天津理工学院教学实习厂,Parts,XS(微型),17676.77,1992-10-06,False,
天津市盛荣汽车配件厂,Parts,XS(微型),15638.2,1997-10-07,False,2004-02-01
天津德记铸造材料有限公司,Parts,S(小型),92238.38,2001-05-18,False,2021-03-30
天津市东杰工贸有限公司,Parts,XS(微型),13674.03,2002-08-26,False,2007-12-25
天津市鑫铁机车配件厂,Parts,XS(微型),11702.61,2000-06-22,False,2018-03-28
天津捷利兴机电有限公司,Parts,M(中型),196037.58,1995-12-25,False,2014-04-30
天津市华鼎工贸有限公司,Parts,XS(微型),18219.17,2002-07-17,False,2022-07-22
天津有容工贸有限公司,Parts,XS(微型),16610.87,2003-09-02,False,2018-01-30
天津市京津微型汽车配件厂,Parts,XS(微型),5323.46,1993-05-05,False,
天津市福尔德汽车部件制造有限公司,Parts,XS(微型),5186.14,2001-06-15,False,2006-11-10
天津市昱德散热器有限公司,Parts,XS(微型),8426.04,2003-05-06,False,2011-11-14
天津市北辰区大发汽车配件厂,Parts,XS(微型),15380.55,1991-10-28,False,2002-10-30
天津市鑫盛源工贸有限公司,Parts,XS(微型),19650.31,2005-04-12,False,2021-04-09
海智吉人（天津）电动汽车动力总成有限公司,Parts,S(小型),25478.09,2019-01-30,False,2021-12-20
天津市刚强宏运汽车零部件制造有限公司,Parts,S(小型),52036.68,2018-01-11,False,2021-02-26
天津天瑞汽车零部件有限公司,Parts,S(小型),36919.96,2012-06-15,False,2025-06-19
天津市金澳传动机械配件有限公司,Parts,S(小型),95273.27,2016-06-03,False,2019-10-28
天津首达永恒离合器厂,Parts,M(中型),387807.2,2017-05-24,False,2023-05-16
天津环方汽车电器有限公司,Battery/Motor,S(小型),77089.75,2010-09-17,False,
天津锦城哈尼斯汽车电装有限公司,Electronics,S(小型),42523.84,2013-11-13,False,2016-12-16
天津益中奥托立夫汽车安全系统有限公司,Parts,S(小型),38992.08,2002-06-03,False,
天津市鑫源达工贸有限公司,Parts,S(小型),31055.13,2002-08-29,False,2021-09-26
天津津港亚太石油有限公司,Parts,M(中型),109497.65,1995-09-22,False,1997-12-04
天津市汽车配件五厂,Parts,M(中型),402174.94,1981-08-20,False,
天津市金星电子厂,Parts,XS(微型),15430.68,1992-01-06,False,
天津光盈汽车镜有限公司,Parts,S(小型),99954.57,1993-04-20,False,2013-11-26
天津市内燃机磁电机厂,Parts,S(小型),99460.18,1990-06-05,False,
天津市金源汽车油泵厂,Parts,XS(微型),10798.74,1995-04-22,False,
天津市汽车货厢厂分厂,Parts,XS(微型),14519.33,1991-11-25,False,
天津市点火线圈厂,Parts,S(小型),91494.06,1990-03-23,False,
天津有野生物技术有限公司,Parts,XS(微型),16237.11,1991-04-09,False,2006-02-14
天津市鑫利得工贸有限公司,Parts,S(小型),29779.6,2003-01-03,False,2023-06-30
天津市河北区顺昌汽车配件厂,Electronics,XS(微型),9337.37,1993-04-26,False,
天津开发区天信机动车仪表厂,Parts,XS(微型),5980.42,1994-03-14,False,
天津市佰达盛强汽车部品有限公司,Parts,S(小型),92871.63,2009-04-20,False,2017-06-16
日东迈特科思（天津）精密加工有限公司,Electronics,S(小型),53055.19,2004-02-20,False,
天津市北辰区宜兴埠汽车配件厂,Parts,S(小型),28896.45,1981-08-31,False,
天津市汽车配件七厂,Parts,S(小型),58956.08,1980-08-30,False,
天津市金汉博汽车配件制造有限公司,Parts,S(小型),54085.78,2014-11-07,False,2021-03-08
天津市宬晟汽车配件有限公司,Parts,S(小型),35593.85,2018-10-11,False,2022-04-08
玖辉汽车部件（天津）有限公司,Electronics,S(小型),24010.62,2019-09-16,False,2021-02-22
金广众（天津）汽车零部件有限公司,Electronics,S(小型),58943.99,2018-05-22,False,2018-09-25
天津市津西华北内燃机螺丝厂,Parts,S(小型),46207.18,1995-12-01,False,
天津华驰汽车部件有限公司,Electronics,S(小型),69319.81,2014-11-19,False,2020-08-04
天津市新盾齿轮厂,Parts,S(小型),46196.46,1995-05-17,False,
天津隆鑫泰丰汽车零部件有限公司,Electronics,S(小型),78827.78,2015-02-05,False,2019-05-23
天津友捷兴佳泰汽车部件有限公司,Electronics,S(小型),48617.91,2016-03-21,False,2018-10-25
天津市津西中兴汽车配件厂,Parts,S(小型),49329.74,1990-01-20,False,
天津华晨亚太石油有限公司,Parts,S(小型),81994.47,1995-09-22,False,1998-10-09
天津市连杆厂,Parts,S(小型),38287.1,1981-08-05,False,
天津市永淏汽车部件有限公司,Parts,S(小型),24814.33,2011-04-19,False,2020-06-25
天津市旭通伟泰汽车部件有限公司,Parts,S(小型),20948.27,2014-06-05,False,2022-06-06
天津安达名北车桥制造有限公司,Parts,S(小型),67429.24,2005-02-23,False,2019-03-05
天津恒鑫汽车零部件有限公司,Parts,S(小型),54275.99,2021-12-13,False,2023-02-27
汝卡（天津）汽车配件有限公司,Parts,S(小型),62109.87,2017-03-08,False,2023-05-16
天津市兴磊汽车零部件有限公司,Parts,S(小型),28176.4,2007-05-11,False,2017-08-29
天津市联进机电有限公司,Electronics,S(小型),24908.61,2004-06-11,False,2008-01-15
天崎汽车部件（天津）有限公司,Electronics,S(小型),20473.7,2019-04-26,False,2024-08-09
天津市华瑞通汽车部件有限公司,Electronics,S(小型),35162.54,2013-06-14,False,2022-04-19
天津远腾滤清器厂,Battery/Motor,XS(微型),11327.55,2002-06-13,False,2005-11-07
天津市实力微型汽车配件制造厂,Parts,XS(微型),8612.41,1998-07-23,False,2001-12-28
天津市宏陆汽拖配件厂,Parts,XS(微型),9169.72,2001-06-11,False,2019-06-24
天津市奥瑞通汽车配件有限责任公司,Parts,XS(微型),17511.68,2007-08-22,False,2017-06-16
天津盛新永达汽车零部件有限公司,Parts,XS(微型),8102.9,2013-10-24,False,2014-05-13
天津松达机械设备工贸有限公司,Parts,XS(微型),10195.83,2005-07-07,False,2010-12-06
天津市宽广汽车配件厂,Parts,XS(微型),14817.54,1998-01-22,False,
天津市西青区兴发冲压件有限公司,Parts,XS(微型),8663.88,2001-08-30,False,2017-11-06
天津市汽车空气滤清器公司,Parts,M(中型),272157.27,1993-07-17,False,
天津正发汽车配件有限公司,Parts,S(小型),80130.22,1995-02-23,False,1997-09-30
天津市华云汽车零部件科技开发有限公司,Electronics,XS(微型),18648.26,1998-10-12,False,2007-12-11
天津市万力嘉通工贸有限公司,Parts,XS(微型),6130.8,2003-01-17,False,2020-06-25
天津市红桥区天通汽车配件厂,Parts,XS(微型),18064.72,1988-12-17,False,
天津市东丽区奔特汽车配件厂,Parts,XS(微型),9891.3,2001-05-14,False,2011-12-01
天津市磊鑫冲压件有限公司,Parts,XS(微型),7152.35,2000-12-11,False,2002-10-09
天津市北宇汽车零部件制造有限公司,Parts,XS(微型),9449.25,2003-08-25,False,2021-04-01
天津市科诺汽车零部件有限公司,Parts,XS(微型),19453.98,2009-10-29,False,2017-06-09
天津市津西新成福利冲压件厂,Parts,S(小型),44193.18,1991-04-18,False,
天津市河东汽车配件厂,Parts,XS(微型),7886.75,1981-09-30,False,2005-11-07
天津二中仪表电器厂,Parts,XS(微型),12031.38,1981-09-14,False,
天津市南开区天力汽车配件厂,Parts,XS(微型),6975.13,1997-03-17,False,2002-10-23
天津市天洋汽车电器厂,Electronics,XS(微型),5554.49,1993-08-06,False,2006-11-10
天津市津西青发汽车配件厂,Parts,XS(微型),5978.1,1996-07-24,False,2001-12-10
天津乐屹汽车装具有限公司,Parts,XS(微型),5971.2,2015-04-30,False,2018-11-19
天津市精顺电器有限公司,Parts,XS(微型),6171.98,1999-09-17,False,2005-10-08
天津市津南汽车螺丝厂,Parts,XS(微型),6061.11,1985-04-17,False,2001-12-25
天津市西青区旭东金属橡胶制品厂,Parts,XS(微型),12156.68,1992-12-08,False,2005-10-15
天津市高士达汽车配件厂,Parts,S(小型),26801.48,2002-06-06,False,2017-06-14
天津市佰仕德交通器材厂,Parts,XS(微型),8073.88,1997-07-03,False,2004-12-14
天津市津软汽车配件制造厂,Parts,XS(微型),17333.67,1993-04-21,False,2006-10-25
天津市红岩齿轮厂,Parts,XS(微型),9645.47,1988-01-23,False,2008-11-15
天津市星光汽车电器有限公司,Parts,XS(微型),12614.78,2003-01-09,False,2005-08-22
天津市北辰区佳兴机械厂,Parts,XS(微型),6349.17,1998-02-17,False,
天津市仁源汽配有限公司,Parts,XS(微型),6527.39,1996-12-13,False,2002-10-30
天津市精益汽车配件厂,Parts,XS(微型),5291.46,1992-12-18,False,
天津市曹氏汽车附件有限公司,Parts,XS(微型),6319.45,1997-06-16,False,2002-09-20
天津市津泊轴瓦厂,Parts,XS(微型),7356.96,1993-02-23,False,
天津市津西光达汽车靠垫厂,Parts,XS(微型),6390.59,1996-08-21,False,2002-09-15
天津市北辰区津华汽摩配件厂,Parts,XS(微型),5654.24,1992-11-13,False,
天津市鑫泰汽车配件厂,Parts,XS(微型),5910.17,1995-11-03,False,
天津市仁益液压机电厂,Parts,XS(微型),9470.8,1996-10-10,False,
天津市腾福汽车密封垫厂,Parts,XS(微型),6655.72,1999-09-20,False,
天津市万云汽车配件厂,Parts,XS(微型),8284.81,1998-07-03,False,2002-10-30
天津市西青区金科汽车配件加工厂,Parts,XS(微型),10047.49,2004-05-17,False,2023-06-30
天津市京警汽车配件厂,Parts,XS(微型),13020.54,1996-05-02,False,2009-11-13
天津市汽车工业公司技校实习工厂,Parts,XS(微型),5280.05,1984-12-05,False,
天津市瑞达汽车部件有限公司,Parts,XS(微型),15144.78,2003-03-13,False,2013-12-23
天津市河西区广元汽车配件厂,Parts,XS(微型),11939.98,1994-05-20,False,2006-10-25
天津市华安电器厂,Parts,XS(微型),5600.08,1983-11-21,False,2009-11-15
天津市津西密云汽车配件综合加工厂,Parts,XS(微型),16784.82,1988-11-14,False,
天津市津铁澳洋汽车安全设备厂,Parts,XS(微型),17922.16,1981-09-14,False,2003-11-25
天津申邦汽车部件有限公司,Electronics,XS(微型),5441.8,2012-07-12,False,2017-11-17
天津市德益汽车配件厂,Electronics,XS(微型),7339.51,2003-01-20,False,2021-07-09
天津市万通铸造厂,Parts,XS(微型),15288.03,1996-06-27,False,2006-11-10
天津市滨湖交通电器厂,Parts,XS(微型),14108.06,1988-12-21,False,
天津市北辰区华日汽车配件工贸中心,Parts,XS(微型),6457.47,1998-05-28,False,
天津市北辰区龄芝汽车配件厂,Parts,XS(微型),6683.61,1998-01-08,False,
天津市内燃机轴瓦厂,Parts,XS(微型),8356.35,1992-06-25,False,2004-12-03
天津市亿佳汽车零部件有限公司,Battery/Motor,XS(微型),9787.73,2006-08-10,False,2011-11-15
天津市河北区通达汽车装俱装饰用品厂,Electronics,XS(微型),11781.39,1995-04-06,False,
天津市汽摩化油器厂,Parts,XS(微型),8338.31,1996-07-08,False,
天津市永兴汽车配件厂,Parts,XS(微型),9493.88,1993-02-06,False,
天津市河北区津通机械实验厂,Parts,XS(微型),14092.64,1997-08-01,False,
天津市红桥区明东汽车配件厂,Parts,XS(微型),5260.84,1999-02-02,False,
天津市津卓汽车配件厂,Parts,XS(微型),7095.0,1997-01-15,False,
天津市北辰区北环综合加工厂,Parts,XS(微型),13441.55,1989-03-21,False,
天津市西粮散热器厂,Parts,XS(微型),17295.7,1983-06-27,False,2004-12-14
天津市西青区华立福利汽车配件厂,Parts,XS(微型),10163.2,1989-01-09,False,2011-11-15
天津市鑫利源汽车金属装饰件厂,Parts,XS(微型),10455.25,1995-12-18,False,2010-11-15
天津市北方汽车塑料配件厂,Parts,XS(微型),5800.88,1988-07-28,False,
天津市隆铁通用配件机械厂,Parts,XS(微型),9296.92,2002-05-14,False,2006-11-20
天津市康宏汽车油管有限公司,Parts,XS(微型),10462.55,1997-05-16,False,2000-08-20
天津市顺联汽车配件厂,Parts,XS(微型),6997.64,1994-05-23,False,
天津市弘瑞汽车配件加工厂,Parts,XS(微型),7262.24,1993-06-15,False,2019-09-05
天津市恒瑞汽车部件有限公司,Electronics,XS(微型),8435.63,2003-03-19,False,2004-11-30
天津市新夏汽车配件工贸中心,Parts,XS(微型),5141.08,1998-05-22,False,
天津华旭腾达汽车装具有限公司,Parts,XS(微型),7814.14,2008-12-04,False,2017-06-16
天津津围兴淀五金厂（普通合伙）,Parts,XS(微型),6703.08,2002-10-08,False,2025-05-22
天津广达科技发展有限公司,Parts,S(小型),33879.8,2005-08-16,False,2018-03-09
天津市德众汽车用品厂,Parts,S(小型),24251.59,2004-04-02,False,
天津仁益日丰汽车零部件有限公司,Parts,XS(微型),17183.86,2009-09-04,False,2017-03-17
天津市昌正众和汽车部件有限公司,Parts,XS(微型),11385.4,2011-08-03,False,2023-05-26
天津市益师汽车配件产销处,Parts,XS(微型),12818.3,2003-06-17,False,2007-12-26
赤坂（天津）汽车配件有限公司,Parts,XS(微型),14931.33,2005-07-01,False,2021-11-12
天津市奥鑫凯工贸中心,Parts,M(中型),223046.88,2003-04-21,False,2010-11-15
天津市民正工贸有限公司,Electronics,XS(微型),5640.29,2005-08-08,False,2023-09-04
天津市亿鑫福汽车配件有限公司,Parts,XS(微型),10527.87,2012-07-19,False,2021-01-05
天津市飞驰工贸有限公司,Electronics,XS(微型),11279.34,1996-03-10,False,2020-09-18
天津市一零九中学汽车配件有限公司,Parts,XS(微型),14053.01,1982-06-28,False,2024-11-27
天津盈顺汽车配件有限公司,Parts,XS(微型),9096.09,2005-06-24,False,
天津市南开区万博汽车配件厂,Parts,XS(微型),5967.34,2000-12-08,False,2023-06-16
天津市三维汽车设备有限公司,Parts,XS(微型),7410.03,2000-07-28,False,
天津市绿达涂料厂,Parts,XS(微型),8271.18,1994-08-08,False,2024-04-11
天津市佳华汽车配件厂,Parts,XS(微型),12241.96,2002-11-27,False,2007-12-25
天津信重机电有限公司,Parts,XS(微型),11030.95,1999-11-19,False,2008-12-31
天津三合海龙商贸有限公司,Electronics,XS(微型),8191.47,1998-09-01,False,
天津市鹏宇汽车零件配件厂,Parts,XS(微型),19629.6,1996-08-15,False,2006-10-13
天津市保安利汽车配件有限公司,Parts,XS(微型),11579.31,1999-01-06,False,2012-12-07
天津天亚众恒汽车部件有限公司,Electronics,XS(微型),6946.96,2018-10-18,False,2022-07-29
天津市北辰区洪通福利汽车装具服务部,Parts,XS(微型),5757.7,1991-03-22,False,2008-11-15
天津市北辰区长龙轻工机械厂,Parts,XS(微型),6180.17,2001-10-25,False,2007-12-11
天津市西青区兴旺汽车配件综合加工厂,Parts,XS(微型),7031.55,1995-03-11,False,2004-11-30
天津市宏盛汽车制动器有限公司,Parts,XS(微型),6247.55,2016-07-04,False,2017-11-15
天津市宏奥汽车部件有限公司,Parts,XS(微型),6475.82,2012-04-24,False,2016-04-08
天津富松杰汽车零部件有限公司,Parts,XS(微型),7423.6,2016-02-26,False,2018-09-20
亚希（天津）科技发展有限公司,Parts,XS(微型),6358.45,2006-01-04,False,2011-11-15
天津市西青区趁源汽车装具厂,Parts,XS(微型),17333.11,1997-06-07,False,
天津市瑞婷汽车配件制造有限公司,Parts,XS(微型),5588.25,2001-04-04,False,2006-11-20
天津奔驰汽车刮水器厂,Parts,XS(微型),10345.64,1986-09-26,False,2003-11-25
天津金别特汽车制动器有限公司,Parts,XS(微型),8831.89,2003-12-17,False,2013-12-02
天津市普伦汽车部件有限公司,Parts,XS(微型),19517.35,2001-04-29,False,
天津盈佳工贸有限公司,Parts,XS(微型),5840.15,2004-12-10,False,2006-12-06
天津恒航机械配件制造有限公司,Electronics,XS(微型),8679.66,2002-12-04,False,2013-12-23
天津捷顺汽车用品有限公司,Parts,XS(微型),19171.2,2006-02-07,False,2008-11-15
天津市万方汽车电子配件厂,Electronics,XS(微型),16598.06,1998-11-04,False,
向荣（天津）机电有限公司,Parts,XS(微型),15520.17,1994-07-06,False,2011-11-24
天津市爱金汽车部件有限公司,Parts,XS(微型),7148.96,2001-12-21,False,2018-05-31
天津市双佳汽车装备有限公司,Parts,XS(微型),6336.58,2006-02-23,False,2018-05-28
天津市三友汽车配件制造有限公司,Parts,XS(微型),12633.78,2002-08-13,False,2015-03-02
天津市银桥汽车桥垫厂,Parts,XS(微型),18134.69,1996-05-27,False,2017-06-13
天津市津西向前五金制品厂,Parts,XS(微型),10818.69,1996-12-26,False,2010-01-20
天津市鸣远汽车部件制造有限公司,Parts,XS(微型),11043.71,1995-06-30,False,2004-12-14
天津市富士通工贸有限公司,Parts,XS(微型),7371.13,2001-10-17,False,2017-06-16
天津市金华能汽车零部件有限公司,Parts,XS(微型),14529.51,2006-09-29,False,2011-11-21
天津大众新世纪汽车用品厂,Parts,XS(微型),6480.1,2006-01-25,False,2017-06-13
天津市福尔特散热器有限公司,Parts,XS(微型),7831.49,2005-09-29,False,
天津市永旺达汽车装饰用品有限公司,Parts,XS(微型),9017.96,2004-04-20,False,2017-06-16
天津市河西区德利机械配件厂,Parts,XS(微型),10106.06,1993-06-11,False,2001-12-28
天津市长宏汽车拉线厂,Parts,XS(微型),6997.05,1990-06-28,False,2004-11-18
天津恒源通工贸有限公司,Parts,XS(微型),5862.85,2004-05-25,False,2017-06-16
天津市纳达汽车配件有限公司,Parts,XS(微型),11657.35,1998-07-21,False,2005-08-22
天津市辰农汽车配件厂,Parts,XS(微型),7460.07,2004-01-16,False,2005-08-22
天津市海门汽车配件厂,Parts,XS(微型),11192.07,1993-08-23,False,
天津市雄鹰散热器厂,Parts,XS(微型),6193.06,2001-09-05,False,2017-06-13
天津市天保汽车塑料配件厂,Parts,S(小型),43384.29,1993-10-27,False,2017-12-11
天津市亮辉汽车电器厂,Parts,XS(微型),10462.15,2002-12-12,False,2023-03-09
天津伊耶那汽车零部件有限责任公司,Electronics,XS(微型),5372.43,2015-10-16,False,2020-08-18
天津市河北区中环电器厂,Parts,XS(微型),7973.08,1997-06-04,False,2019-05-21
天津市河北区华龙汽车配件厂,Parts,XS(微型),6024.15,1993-04-14,False,
天津市南开区三环机械制造厂,Battery/Motor,XS(微型),5459.16,1981-09-14,False,
天津市华硕汽车装饰件厂,Parts,XS(微型),19723.57,2000-03-21,False,
天津市华尔德商贸有限公司,Electronics,XS(微型),7817.11,2003-02-28,False,2013-12-06
天津市华丽汽车配件厂,Parts,XS(微型),15366.08,1995-02-13,False,
天津市友友工贸有限公司,Parts,XS(微型),7116.7,2001-04-13,False,2006-11-20
天津市津西轻机汽车配件厂,Parts,XS(微型),12861.02,1989-01-18,False,2001-12-10
天津新耀凯发汽车零部件制造有限公司,Electronics,XS(微型),14344.08,2016-11-16,False,2023-11-24
天津市欧林特汽车设备高科技有限公司,Parts,XS(微型),11417.74,1998-08-05,False,2001-07-17
天津市铁马汽车刮水器有限公司,Parts,XS(微型),9613.62,2002-01-07,False,2020-06-22
天津市斯曼汽车配件厂,Parts,XS(微型),8849.59,2004-05-09,False,2012-11-21
天津市帅利工贸有限公司,Parts,XS(微型),8109.79,1998-12-22,False,2010-12-03
天津市鑫瑞塔汽车配件有限公司,Parts,XS(微型),18138.54,2012-03-19,False,2020-03-25
天津市红桥区奔特微型汽车配件厂,Parts,XS(微型),15814.4,1993-06-09,False,2002-12-30
天津市河北区德宏汽车配件厂,Parts,XS(微型),19053.47,1999-10-25,False,2010-11-15
天津市伟益汽车配件厂,Battery/Motor,XS(微型),5940.25,2002-01-16,False,
天津市顺达汽车电子器件厂,Electronics,XS(微型),13771.97,1992-06-22,False,2003-11-25
天津卓英研究开发院（普通合伙）,Electronics,XS(微型),18361.46,2023-04-10,False,2023-08-02
天津市沃德汽车装备有限公司,Parts,XS(微型),6428.11,2012-03-28,False,2013-12-02
希捷汽车零部件（天津）有限公司,Parts,XS(微型),5482.83,2017-06-30,False,2018-12-25
天津久泰汽车部件有限公司,Parts,XS(微型),13969.12,2019-07-30,False,2020-06-29
天津市坂东汽车国际贸易有限公司,Parts,XS(微型),11087.59,2005-05-27,False,2013-12-02
天津市瑞禧工贸有限公司,Parts,XS(微型),16062.07,2003-05-21,False,2007-12-26
天津市微型汽车附件厂,Parts,XS(微型),6069.06,1997-01-06,False,2011-12-26
天津市汽车电机配件厂,Battery/Motor,XS(微型),15058.05,1981-01-26,False,
天津美亚特汽车部件有限公司,Parts,XS(微型),6612.44,2003-06-25,False,2006-11-10
天津创研汽车电子有限公司,Parts,XS(微型),6273.37,2011-06-20,False,2022-10-12
天津市鑫旺复合材料厂,Parts,XS(微型),6278.67,1996-10-25,False,
天津力欧线束有限公司,Battery/Motor,XS(微型),15466.53,2005-03-11,False,
天津利祥车料有限公司,Parts,XS(微型),12573.57,2003-03-12,False,
天津市西青区津洋制动器材厂,Parts,XS(微型),10324.92,1985-09-13,False,
天津市和平区诚信汽车配件厂,Parts,XS(微型),8222.57,1994-08-29,False,
天津市三十四中学校办工厂,Parts,XS(微型),16869.31,1981-09-01,False,2020-05-13
天津市虹旺金属结构厂,Parts,XS(微型),8614.81,1998-05-27,False,2005-10-08
天津市慧德福汽车用品制造厂,Parts,XS(微型),15510.0,1999-01-13,False,2017-12-12
天津市美亚汽车刹车盘厂,Parts,XS(微型),9190.85,1993-04-05,False,2000-08-23
天津市新诺工贸有限公司,Electronics,XS(微型),8431.66,2004-12-03,False,2012-11-21
天津兴晨汽车部件有限公司,Electronics,XS(微型),9495.79,2010-10-25,False,2017-06-13
天津市实验汽车配件厂,Parts,XS(微型),7593.07,1995-05-26,False,2020-12-23
天津市凯发工贸有限公司,Parts,XS(微型),14095.34,1995-06-27,False,
天津市呈发顺汽车配件有限公司,Parts,XS(微型),10037.78,2010-03-26,False,2017-06-16
天津市南开区工美汽车装饰件厂,Parts,XS(微型),6898.84,1993-12-28,False,2017-06-13
天津市振雄汽车配件厂,Parts,XS(微型),17400.75,1999-11-24,False,
天津市协和汽车零部件有限公司,Parts,XS(微型),8513.25,2001-10-26,False,2004-12-14
天津市鸿尚汽车零部件有限公司,Parts,XS(微型),10622.37,2007-01-08,False,
天津镪盛汽车零部件有限公司,Parts,XS(微型),17567.93,2023-02-20,False,2024-06-11
天津市红桥区四通汽车配件厂,Parts,XS(微型),11879.52,1997-06-09,False,
天津市景宏塑料泡沫制品厂,Parts,XS(微型),5879.63,1997-04-10,False,2006-11-20
天津市小客车修理厂二分厂,Parts,XS(微型),18399.47,1983-02-16,False,2017-10-30
天津市希特汽车水箱厂,Parts,XS(微型),11936.8,1998-11-24,False,
天津市津东富豪物资经销公司,Parts,XS(微型),7954.32,1993-09-01,False,2001-08-04
天津市浩德工贸有限公司,Parts,XS(微型),6064.85,2003-02-21,False,2004-12-16
天津市恒盾工贸有限公司,Parts,S(小型),71784.35,2003-09-04,False,2005-08-22
天津市庞大华睿汽车零部件制造有限公司,Parts,XS(微型),11811.12,2012-01-11,False,
天津市津德汽车零部件有限公司,Parts,XS(微型),10474.8,2003-12-03,False,2010-11-12
天津市河北区求实汽车配件厂,Parts,XS(微型),17264.22,1994-06-02,False,
天津市西青区杨柳青振兴电器厂,Parts,XS(微型),14919.45,1988-11-07,False,
天津市舰盈商贸有限公司,Parts,XS(微型),6170.03,1987-11-04,False,2007-12-26
天津市津浩工贸有限责任公司,Parts,XS(微型),7702.74,2006-06-26,False,2017-06-16
天津市铁东汽车配件有限公司,Parts,XS(微型),7056.27,2011-01-06,False,
天津以琳机电有限公司,Battery/Motor,XS(微型),14023.95,2006-06-19,False,2022-08-30
天津市海磊工贸有限公司,Parts,XS(微型),5237.92,1999-08-16,False,2021-01-27
天津市安守机电有限公司,Electronics,XS(微型),11017.37,1999-07-27,False,2006-11-20
天津市志强垫圈有限公司,Parts,XS(微型),14388.51,2001-03-26,False,2006-11-19
天津市安意达汽车部件制造有限公司,Parts,XS(微型),16859.14,2007-06-22,False,2020-04-26
天津市双宏达汽车部件有限公司,Parts,XS(微型),8033.85,2012-08-20,False,2023-03-24
天津市腾展汽车配件有限责任公司,Parts,XS(微型),15610.48,2009-07-20,False,2021-04-19
天津市富美特汽车配件有限公司,Parts,XS(微型),5828.77,2012-07-12,False,2017-06-19
天津商顺汽车装俱加工有限公司,Parts,XS(微型),16165.35,2013-03-08,False,2024-06-05
天津市天昊景然汽车配件有限公司,Parts,XS(微型),5966.58,2008-03-25,False,2013-12-02
天津市远科汽车部件有限公司,Parts,XS(微型),8672.83,2012-07-17,False,2019-03-07
天津第利进口汽车修理服务有限公司,Parts,S(小型),72163.16,1993-12-30,False,1996-12-31
天津捷能能源发展有限公司,Parts,S(小型),25457.62,2000-06-27,False,2001-12-28
盖斯威（天津）汽车装备有限公司,Parts,S(小型),28924.77,1999-06-30,False,2008-01-15
天津市北辰区兴辰汽车配件厂,Parts,XS(微型),13608.47,1992-04-24,False,
天津市汽车装俱厂分厂,Parts,XS(微型),13566.73,1983-01-21,False,
天津市时达特汽车电器有限公司分公司,Parts,XS(微型),12161.28,2005-03-15,False,2008-12-31
天津市北辰区通华汽配机械厂,Parts,XS(微型),13084.85,1992-11-04,False,
天津市津西利发内燃机曲轴厂,Parts,XS(微型),10610.18,1994-11-16,False,
天津市河北区津雁汽车配件厂,Parts,XS(微型),7088.73,1990-05-23,False,
天津市万达微型车化油器厂,Parts,XS(微型),8074.2,1994-10-11,False,
天津开发区瑞升工贸公司武华机械厂,Parts,XS(微型),6431.36,1997-10-09,False,
天津市河东区天明刹车管厂,Parts,S(小型),86299.78,1993-07-30,False,
天津市微型汽车工贸中心夏利装饰厂,Parts,S(小型),51145.02,1997-08-20,False,
天津市津杨工贸公司汽车装具空调服务部,Parts,XS(微型),8715.79,1994-10-07,False,
天津市六号门汽车运输场汽车配件经营部,Parts,XS(微型),9486.92,1995-08-08,False,
天津市津京汽车配件厂,Parts,S(小型),91865.54,1981-08-28,False,
天津市银泰客车桥有限公司红桥分公司,Electronics,XS(微型),6184.39,2014-09-02,False,2017-04-28
天津市众成汽配联合公司南开分公司,Parts,S(小型),51379.17,1998-02-01,False,
天津市微型汽车配件厂,Parts,XS(微型),10081.97,1996-10-11,False,
天津市东郊区张贵庄街福山路水产门市部,Parts,XS(微型),11670.84,1983-11-30,False,
天津市广发汽车装俱门市部,Parts,XS(微型),5127.12,1993-10-20,False,2001-12-10
天津市津微汽车维修中心水箱厂,Parts,XS(微型),16751.01,1997-01-10,False,
天津市南开区胜达汽车配件厂,Parts,XS(微型),18203.76,1992-12-28,False,
天津市河东区达发汽车配件厂,Parts,XS(微型),10944.96,1996-09-18,False,
天津市南开区长征汽车配件厂,Parts,XS(微型),13133.96,1992-10-09,False,
天津市南开区汽车电器厂,Parts,XS(微型),17962.63,1993-08-04,False,
天津市兴达机电公司汽车配件厂,Battery/Motor,S(小型),62426.44,1996-01-30,False,
天津市丰华刹车盘厂,Parts,XS(微型),6177.43,1994-07-27,False,
天津市华通汽车配件厂,Parts,XS(微型),11115.53,1992-08-25,False,
天津市大华汽车装饰厂第二门市部,Parts,S(小型),53101.36,1994-04-21,False,
天津市奥联汽车装饰联营公司,Parts,XS(微型),9001.65,1994-06-08,False,
天津市河北区环达汽车配件厂,Parts,XS(微型),13878.85,1992-12-03,False,
天津市汽车转向机厂,Parts,M(中型),449877.75,1981-08-30,False,
天津市兴邦汽车锁厂,Parts,XS(微型),18039.22,1993-03-12,False,
天津市万新减速机厂制动四分厂,Parts,XS(微型),9341.19,1990-09-10,False,
天津市南开区金利康汽车配件综合制品厂,Parts,XS(微型),5849.87,1994-07-15,False,
天津市西青区新华汽车制动器厂,Parts,XS(微型),19584.09,1992-12-19,False,
天津市丰利华工贸发展有限公司电子分公司,Parts,XS(微型),15996.94,2001-07-06,False,2018-10-09
天津市北辰区宏业汽车配件厂,Parts,XS(微型),5943.26,1992-05-08,False,
天津市北辰区利华环保净化设备厂,Parts,XS(微型),17921.41,1992-03-09,False,
天津市西青区利华汽车配件厂,Parts,XS(微型),16699.36,1997-06-02,False,
天津市南开区华海汽车配件厂,Parts,XS(微型),10264.59,1995-06-21,False,
天津市冰山机械工具制修厂汽车配件制造厂,Parts,XS(微型),11348.89,1995-07-19,False,
天津市北红汽车配件厂,Parts,XS(微型),8693.48,1996-01-23,False,
天津市北辰区兴达汽车装具厂,Parts,XS(微型),5394.36,1991-05-11,False,
天津市光明汽车镜厂,Parts,XS(微型),7957.54,1991-10-31,False,
天津市河东区交通缸垫厂,Parts,XS(微型),15217.24,1988-06-20,False,
天津亚声散热器总公司,Electronics,S(小型),20149.66,1994-01-07,False,
天津市北辰区远征汽车电器厂,Parts,XS(微型),7938.83,1993-07-31,False,
天津市空调器公司佳兴汽车配件厂,Parts,XS(微型),8683.43,1995-05-09,False,
天津市汽车仪表厂分厂,Parts,XS(微型),10532.09,1993-03-02,False,
天津市津康实业公司宏达交通电器厂,Parts,XS(微型),17896.92,1996-04-15,False,
天津博大实业发展公司汽车电器厂,Parts,XS(微型),8081.48,1993-07-17,False,
天津市河北区双铃塑料滤油器厂,Parts,XS(微型),8088.29,1992-12-28,False,
天津市津康实业公司华夏汽车电器厂,Parts,XS(微型),13899.21,1995-04-10,False,
天津市北辰区永发汽车装具综合经营部,Parts,XS(微型),9359.06,1992-07-27,False,
天津市南开区天成汽车配件厂,Parts,XS(微型),6826.46,1994-12-06,False,
天津市北方企业总公司北方交通电器厂,Parts,S(小型),41425.87,1993-12-28,False,
天津市红桥区北海实业公司汽车配件厂,Parts,S(小型),25089.09,2006-12-20,False,2018-09-28
天津市北辰区北电器厂,Parts,XS(微型),6385.07,1994-05-30,False,
天津市津辰汽车制冷设备厂,Parts,XS(微型),9977.4,1992-06-10,False,
天津市南开区求实汽车配件厂,Parts,XS(微型),8936.93,1992-02-28,False,
天津市红桥区微型汽车装饰品厂,Parts,XS(微型),17773.06,1996-04-09,False,
天津商德汽车部件制造有限公司北辰分公司,Parts,XS(微型),8263.29,2007-07-26,False,2009-11-15
天津南楼集团河西百货商场有限公司华通汽车装具分公司,Parts,S(小型),50914.78,2000-03-13,False,
天津乌雅汗汽车设备制造有限公司西青分公司,Parts,XS(微型),12012.43,2013-07-11,False,2019-01-28
天津市三环汽车配件厂,Parts,XS(微型),5091.59,1991-12-30,False,
天津市南开区华通电器弹簧厂,Parts,XS(微型),12544.67,1983-04-02,False,
天津市北辰区兴宜五金厂,Parts,XS(微型),6399.68,1991-10-23,False,
韩国天昌温水株式会社天津代表处,Parts,XS(微型),18949.25,2009-04-29,False,
天津市河北区天宇汽车配件厂,Parts,XS(微型),6144.32,1992-03-07,False,
天津通业汽车机械配件厂,Parts,XS(微型),8883.8,1998-06-16,False,
天津市津西中亚工贸公司,Parts,XS(微型),5628.02,1993-11-11,False,
天津市微型汽车工贸中心装饰件厂,Parts,XS(微型),19913.52,1997-08-22,False,
天津开发区光达汽车零部件公司经销处,Parts,XS(微型),10030.48,1995-04-26,False,
天津市雷虹脚踏机动两用车厂,Parts,XS(微型),11413.73,1997-07-15,False,
天津市南北工贸有限公司北辰分公司,Parts,S(小型),22279.96,2003-07-07,False,2022-12-29
中汽客车有限责任公司天津分公司,Parts,XS(微型),14141.36,1995-09-20,False,
天津博大汽车电器公司,Parts,XS(微型),6688.76,1994-06-15,False,
天津市北辰区通利汽车配件厂,Parts,XS(微型),17364.11,1994-07-08,False,
天津市北辰区环宇微型汽车刮水器厂,Parts,XS(微型),6644.72,1988-09-12,False,
天津市河北区飞龙汽车配件厂,Parts,XS(微型),6512.92,1994-06-01,False,
天津市南开区鑫广特汽车配件厂,Parts,XS(微型),5259.87,1999-07-11,False,
天津市红桥区长征汽车配件厂,Parts,XS(微型),9620.17,1996-01-31,False,
北方新兴（天津）汽车部件有限公司西青分公司,OEM,XS(微型),10940.53,2013-05-31,False,2017-06-02
天津市点火线圈厂分厂,Parts,XS(微型),5476.85,1991-11-26,False,
天津华正工程机械有限公司北辰分公司,Parts,XS(微型),14651.57,2003-01-07,False,2004-12-08
天津市恒兴微型汽车冲压件厂,Parts,M(中型),207412.68,1988-04-11,False,
天津市兴源机械修配厂,Parts,XS(微型),10343.9,1988-04-01,False,
天津市河北区北金汽车配件厂,Parts,XS(微型),9211.61,1990-03-21,False,
天津市汽车锻件厂,Parts,M(中型),190599.33,1991-07-11,False,
天津市河西区津兴汽配厂,Parts,XS(微型),10861.93,1994-07-29,False,
天津市津西育才机械厂,Parts,XS(微型),6200.6,1993-05-10,False,
天津市鸿远汽车部件制造有限公司分公司,Parts,XS(微型),6434.31,2003-11-21,False,
天津市河北区兴达电器厂,Parts,XS(微型),16512.65,1992-05-07,False,
天津市财鑫汽车配件厂,Parts,XS(微型),18560.44,1995-01-05,False,
天津市众成汽配联合公司,Parts,XS(微型),8389.28,1993-09-09,False,2003-09-08
天津市华津广源食品经销公司津艺金属门窗厂,Parts,XS(微型),7277.37,1993-08-17,False,
天津一汽夏利汽车股份有限公司内燃机制造分公司,Parts,XS(微型),12209.46,1997-12-10,False,2020-10-23
天津市友鑫汽车配件厂,Parts,XS(微型),8811.55,1999-06-10,False,2002-10-30
天津市津南西楼汽车配件厂,Parts,XS(微型),5179.1,1990-09-13,False,
天津市北辰区广华汽车配件厂,Parts,XS(微型),6208.45,1996-07-15,False,
天津市东丽区南方汽配经营部,Parts,XS(微型),13490.51,1994-05-24,False,2001-09-18
天津市河北区精工电器厂,Parts,XS(微型),12464.7,1993-08-19,False,
天津市福信实业公司华夏汽车配件厂,Parts,XS(微型),5191.39,1995-11-15,False,
天津市汽车水箱厂张兴庄分厂,Parts,XS(微型),6801.59,2017-07-11,False,2020-08-26
天津市河西区枫林机械厂,Parts,XS(微型),6887.96,1995-11-13,False,
天津市三特电光源技术开发有限公司分公司,Parts,S(小型),58974.31,2004-05-12,False,2007-12-26
天津市西青区华通汽车标准件厂,Parts,XS(微型),5138.51,1997-05-12,False,
天津市津南夏利汽车水箱厂,Battery/Motor,XS(微型),5776.3,1989-08-16,False,
天津市北辰区小淀供销社天宇空气滤清器芯厂,Parts,S(小型),72468.18,1997-10-20,False,2020-01-19
天津市南德工贸有限公司,Electronics,XS(微型),6404.2,1996-03-18,False,
天津有容工贸有限公司汽车水箱分公司,Parts,XS(微型),12358.4,2007-08-13,False,2018-06-20
天津众鹏汽车配件厂,Parts,XS(微型),6956.17,2003-08-07,False,2020-04-20
天津市车宝贝汽车养护装饰用品厂,Parts,XS(微型),5739.05,2005-05-25,False,2021-04-19
天津旭光汽车配件厂,Parts,XS(微型),7004.45,2003-11-25,False,2013-12-10
天津市北辰区优驾汽车饰件店,Parts,S(小型),63954.77,2023-09-27,False,2025-02-27
天津市南开区籍成汽车零部件经营部,Parts,XS(微型),16373.84,2019-06-12,False,2023-12-06
天津市西青区宏顺原汽车饰件经营部,Parts,XS(微型),15805.64,2020-08-26,False,2021-12-10
天津市红桥区维达斯汽车配件加工厂,Parts,S(小型),37900.89,2006-01-05,False,2023-10-18
天津市南开区陈保磊汽车电子中心,Electronics,XS(微型),12624.01,2020-05-28,False,2025-04-11
天津市津南区亿博尔汽车零部件厂（个体工商户）,Electronics,M(中型),139084.22,2025-03-25,False,2025-06-10
天津市红桥区维垣汽车配件中心,Parts,XS(微型),7506.93,2013-09-13,False,2019-01-18
天津市东丽区达尼斯汽车配件加工厂,Parts,XS(微型),17322.79,2015-06-26,False,2021-06-10
天津市三勋精密机电制品有限公司,Battery/Motor,S(小型),20422.93,2000-06-21,True,
天津市皇泰新型机电节能材料有限公司,Service,S(小型),22950.8,2011-01-17,True,
天津神川电机有限公司,Battery/Motor,S(小型),27947.07,2003-04-18,True,
天津新午星机电有限公司,Electronics,S(小型),20872.54,1996-03-11,True,
天津市三元机电设备制造有限公司,Parts,XS(微型),6429.91,2004-10-21,True,
天津市福恒电机有限公司,Battery/Motor,S(小型),51116.2,2000-08-28,True,
天津市睿智电气传动设备有限公司,Electronics,XS(微型),8967.94,2007-10-26,True,
天津冠生电机有限公司,Battery/Motor,XS(微型),17235.03,2021-04-16,False,2025-08-15
天津市华星电机制造有限公司,Battery/Motor,XS(微型),15528.16,2003-05-22,True,
天津申圣电器制造有限公司,Raw,S(小型),34669.7,2011-01-17,True,
天津市天明电机有限公司,Electronics,XS(微型),7164.05,2004-05-10,True,
天津市津南洋电机销售有限公司,Service,XS(微型),8463.84,2005-08-12,True,
天津浦莱多机电有限公司,Battery/Motor,XS(微型),11333.47,2012-03-09,True,
天津市天唯起重电机有限公司,Battery/Motor,XS(微型),7250.37,2012-07-05,True,
天津创杰电机有限公司,Battery/Motor,XS(微型),11878.05,2009-08-20,True,
天津市旭润机电工贸有限公司,Raw,XS(微型),8819.83,2001-11-14,True,
天津君浩电机有限公司,Battery/Motor,XS(微型),10748.19,2022-07-15,False,
天津市直流电机厂,Battery/Motor,S(小型),40352.4,1958-01-01,False,
天津市奥圣康工贸有限公司,Battery/Motor,XS(微型),7520.66,2001-12-05,False,2005-10-14
天津市敦煌电风扇厂,Other,S(小型),92038.69,1981-08-29,False,2001-12-28
天津市南开区源动利机电设备维修经营中心,Battery/Motor,S(小型),68354.57,2001-04-08,True,
天津市九州电机厂,Battery/Motor,XS(微型),6071.93,2001-04-16,False,2010-11-15
天津市天北工贸实业公司,Battery/Motor,XS(微型),16666.32,1994-04-21,False,2002-12-30
天津市普邦电机制造有限公司,Battery/Motor,S(小型),43825.79,2011-11-02,False,2015-07-30
天津市津西杨柳青电机配件厂,Parts,S(小型),84390.81,1990-05-30,False,2004-12-02
天津市科兴机电控制设备厂,Battery/Motor,S(小型),72461.08,2002-11-11,False,2018-05-18
天津市津微电机有限公司,Battery/Motor,XS(微型),9015.17,2003-04-22,False,2023-05-29
天津市达标异型电机有限公司,Battery/Motor,XS(微型),5158.2,2001-06-02,False,2017-03-24
天津市欣鑫电机厂,Battery/Motor,XS(微型),7256.55,2003-04-23,False,2011-11-15
